Player,Rating,Age,G1,GS1,Cmp1,Att1,Yds1,TD1,Int2,Att2,Yds2,Y/A2,TD2,Tgt3,Rec3,Yds3,Y/R3,TD3,Fmb4,FL4,TD4,2PM,2PP,FantPt,PPR,DKPt,FDPt,VBD,PosRank,OvRank
Derrick Henry,31.85,27.00,8.00,8.00,1.00,1.00,5.00,1.00,0.00,219.00,937.00,4.28,10.00,20.00,18.00,154.00,8.56,0.00,1.00,0.00,10.00,1.00,0.00,175.00,193.30,199.30,184.30,104.00,1.00,1.00
Cooper Kupp,30.92,28.00,9.00,9.00,0.00,0.00,0.00,0.00,0.00,1.00,-5.00,-5.00,0.00,103.00,74.00,1019.00,13.77,10.00,0.00,0.00,10.00,0.00,0.00,161.00,235.40,238.40,198.40,95.00,1.00,2.00
Jonathan Taylor,34.58,22.00,9.00,9.00,0.00,0.00,0.00,0.00,0.00,140.00,821.00,5.86,8.00,27.00,23.00,293.00,12.74,1.00,3.00,1.00,9.00,0.00,0.00,163.00,186.40,193.40,174.90,92.00,2.00,3.00
Joe Mixon,29.09,25.00,9.00,9.00,0.00,0.00,0.00,0.00,0.00,150.00,636.00,4.24,7.00,26.00,22.00,194.00,8.82,2.00,1.00,0.00,9.00,0.00,0.00,137.00,159.00,165.00,148.00,66.00,3.00,4.00
Ja'Marr Chase,22.59,21.00,9.00,9.00,0.00,0.00,0.00,0.00,0.00,4.00,7.00,1.75,0.00,73.00,44.00,835.00,18.98,7.00,2.00,1.00,7.00,0.00,0.00,124.00,168.20,172.20,146.20,58.00,2.00,5.00
Austin Ekeler,32.90,26.00,8.00,8.00,0.00,0.00,0.00,0.00,0.00,101.00,479.00,4.74,5.00,45.00,36.00,325.00,9.03,3.00,2.00,1.00,8.00,1.00,0.00,128.00,164.40,171.40,146.40,57.00,4.00,6.00
Alvin Kamara,35.64,26.00,8.00,7.00,0.00,0.00,0.00,0.00,0.00,146.00,530.00,3.63,3.00,44.00,32.00,310.00,9.69,4.00,0.00,0.00,7.00,0.00,0.00,126.00,158.00,164.00,142.00,55.00,5.00,7.00
James Conner,22.72,26.00,9.00,0.00,0.00,0.00,0.00,0.00,0.00,115.00,454.00,3.95,10.00,10.00,10.00,111.00,11.10,1.00,2.00,0.00,11.00,0.00,0.00,123.00,132.50,138.50,127.50,52.00,6.00,8.00
Tyreek Hill,32.15,27.00,9.00,9.00,0.00,0.00,0.00,0.00,0.00,6.00,59.00,9.83,0.00,101.00,68.00,772.00,11.35,6.00,1.00,1.00,6.00,0.00,0.00,117.00,185.10,189.10,151.10,51.00,3.00,9.00
Deebo Samuel,27.99,25.00,8.00,8.00,0.00,0.00,0.00,0.00,0.00,6.00,22.00,3.67,1.00,81.00,49.00,882.00,18.00,4.00,2.00,2.00,5.00,0.00,0.00,116.00,165.40,170.40,140.90,50.00,4.00,10.00
Najee Harris,32.30,23.00,8.00,8.00,0.00,0.00,0.00,0.00,0.00,150.00,541.00,3.61,4.00,52.00,40.00,289.00,7.23,2.00,0.00,0.00,6.00,0.00,0.00,119.00,159.00,165.00,139.00,48.00,7.00,11.00
Tom Brady,22.70,44.00,8.00,8.00,231.00,343.00,2650.00,25.00,5.00,14.00,39.00,2.79,1.00,0.00,0.00,0.00,0.00,0.00,3.00,2.00,1.00,0.00,0.00,202.00,201.90,211.90,206.90,48.00,1.00,12.00
Cordarrelle Patterson,22.47,30.00,8.00,5.00,0.00,1.00,0.00,0.00,0.00,73.00,278.00,3.81,2.00,47.00,38.00,459.00,12.08,5.00,2.00,0.00,7.00,0.00,0.00,116.00,153.70,159.70,134.70,45.00,8.00,13.00
Jalen Hurts,18.94,23.00,9.00,9.00,168.00,273.00,1981.00,11.00,4.00,83.00,494.00,5.95,5.00,1.00,0.00,0.00,0.00,0.00,5.00,1.00,5.00,0.00,3.00,199.00,198.60,209.60,202.60,45.00,2.00,14.00
Ezekiel Elliott,29.10,26.00,8.00,8.00,0.00,0.00,0.00,0.00,0.00,128.00,622.00,4.86,5.00,29.00,23.00,153.00,6.65,1.00,0.00,0.00,6.00,1.00,0.00,116.00,138.50,144.50,127.00,45.00,9.00,15.00
Aaron Jones,31.08,27.00,9.00,9.00,0.00,0.00,0.00,0.00,0.00,116.00,516.00,4.45,3.00,41.00,33.00,237.00,7.18,4.00,2.00,1.00,7.00,0.00,0.00,115.00,148.30,155.30,131.80,44.00,10.00,16.00
Matthew Stafford,20.74,33.00,9.00,9.00,219.00,321.00,2771.00,23.00,6.00,22.00,37.00,1.68,0.00,0.00,0.00,0.00,0.00,0.00,1.00,0.00,0.00,0.00,1.00,197.00,196.50,205.50,202.50,42.00,3.00,17.00
Lamar Jackson,22.75,24.00,8.00,8.00,173.00,266.00,2209.00,13.00,7.00,97.00,600.00,6.19,2.00,0.00,0.00,0.00,0.00,0.00,5.00,3.00,2.00,0.00,2.00,196.00,196.40,212.40,203.40,42.00,4.00,18.00
Darrell Henderson,22.87,24.00,8.00,8.00,0.00,0.00,0.00,0.00,0.00,121.00,562.00,4.64,5.00,28.00,19.00,144.00,7.58,2.00,0.00,0.00,7.00,0.00,0.00,113.00,131.60,137.60,122.10,42.00,12.00,20.00
Josh Allen,22.54,25.00,8.00,8.00,209.00,319.00,2236.00,17.00,5.00,57.00,319.00,5.60,3.00,0.00,0.00,0.00,0.00,0.00,5.00,2.00,3.00,1.00,0.00,195.00,195.30,208.30,200.30,41.00,5.00,21.00
Travis Kelce,28.57,32.00,9.00,9.00,0.00,0.00,0.00,0.00,0.00,0.00,0.00,0.00,0.00,79.00,54.00,628.00,11.63,5.00,1.00,1.00,5.00,0.00,0.00,91.00,144.80,148.80,117.80,40.00,1.00,22.00
Marquise Brown,21.24,24.00,8.00,8.00,0.00,0.00,0.00,0.00,0.00,1.00,5.00,5.00,0.00,69.00,46.00,682.00,14.83,6.00,1.00,0.00,6.00,0.00,0.00,105.00,150.70,153.70,127.70,38.00,6.00,24.00
Mike Evans,24.79,28.00,8.00,8.00,0.00,0.00,0.00,0.00,0.00,0.00,0.00,0.00,0.00,63.00,39.00,544.00,13.95,8.00,0.00,0.00,8.00,0.00,0.00,102.00,141.40,144.40,121.90,36.00,7.00,25.00
Patrick Mahomes,20.40,26.00,9.00,9.00,236.00,362.00,2534.00,20.00,10.00,37.00,227.00,6.14,1.00,0.00,0.00,0.00,0.00,0.00,5.00,2.00,1.00,0.00,0.00,186.00,186.10,204.10,196.10,32.00,6.00,26.00
Davante Adams,27.24,29.00,8.00,8.00,0.00,0.00,0.00,0.00,0.00,0.00,0.00,0.00,0.00,87.00,58.00,786.00,13.55,3.00,0.00,0.00,3.00,0.00,0.00,97.00,154.60,157.60,125.60,30.00,8.00,28.00
Mike Williams,21.79,27.00,8.00,7.00,0.00,0.00,0.00,0.00,0.00,0.00,0.00,0.00,0.00,66.00,37.00,575.00,15.54,6.00,0.00,0.00,6.00,1.00,0.00,96.00,132.50,135.50,114.00,29.00,10.00,29.00
D'Andre Swift,26.70,22.00,8.00,1.00,0.00,1.00,0.00,0.00,0.00,90.00,289.00,3.21,3.00,57.00,47.00,415.00,8.83,2.00,1.00,1.00,5.00,0.00,0.00,98.00,145.40,152.40,121.90,27.00,14.00,32.00
Mark Andrews,21.88,26.00,8.00,5.00,0.00,0.00,0.00,0.00,0.00,0.00,0.00,0.00,0.00,61.00,42.00,560.00,13.33,3.00,1.00,0.00,3.00,2.00,0.00,78.00,120.00,123.00,99.00,27.00,2.00,33.00
Melvin Gordon,22.73,28.00,9.00,9.00,0.00,0.00,0.00,0.00,0.00,109.00,477.00,4.38,4.00,25.00,20.00,163.00,8.15,2.00,1.00,1.00,6.00,0.00,0.00,98.00,118.00,125.00,108.00,27.00,15.00,34.00
Robert Woods,28.84,29.00,9.00,9.00,0.00,0.00,0.00,0.00,0.00,8.00,46.00,5.75,1.00,69.00,45.00,556.00,12.36,4.00,0.00,0.00,5.00,1.00,0.00,92.00,137.20,140.20,114.70,26.00,12.00,35.00
Justin Herbert,21.33,23.00,8.00,8.00,211.00,319.00,2350.00,18.00,6.00,28.00,95.00,3.39,2.00,0.00,0.00,0.00,0.00,0.00,1.00,1.00,2.00,0.00,3.00,180.00,179.50,189.50,185.50,25.00,7.00,36.00
Adam Thielen,24.08,31.00,8.00,8.00,0.00,0.00,0.00,0.00,0.00,1.00,2.00,2.00,0.00,66.00,45.00,477.00,10.60,7.00,1.00,0.00,7.00,0.00,0.00,90.00,134.90,137.90,112.40,24.00,14.00,39.00
CeeDee Lamb,23.66,22.00,8.00,8.00,0.00,0.00,0.00,0.00,0.00,4.00,18.00,4.50,0.00,66.00,41.00,632.00,15.41,4.00,0.00,0.00,4.00,0.00,0.00,89.00,130.00,133.00,109.50,23.00,15.00,40.00
Leonard Fournette,22.76,26.00,8.00,7.00,0.00,1.00,0.00,0.00,0.00,101.00,439.00,4.35,4.00,39.00,30.00,239.00,7.97,0.00,1.00,0.00,4.00,0.00,0.00,92.00,121.80,127.80,106.80,21.00,16.00,41.00
D.J. Moore,23.98,24.00,9.00,9.00,0.00,0.00,0.00,0.00,0.00,7.00,35.00,5.00,0.00,88.00,53.00,677.00,12.77,3.00,1.00,1.00,3.00,0.00,0.00,87.00,140.20,144.20,113.70,21.00,16.00,42.00
Justin Jefferson,25.01,22.00,8.00,8.00,1.00,2.00,11.00,0.00,0.00,1.00,11.00,11.00,0.00,68.00,46.00,632.00,13.74,4.00,1.00,1.00,4.00,0.00,0.00,87.00,132.70,136.70,109.70,20.00,17.00,44.00
Mike Gesicki,19.38,26.00,9.00,4.00,0.00,0.00,0.00,0.00,0.00,0.00,0.00,0.00,0.00,63.00,44.00,529.00,12.02,2.00,0.00,0.00,2.00,1.00,0.00,67.00,110.90,113.90,88.90,16.00,3.00,46.00
Terry McLaurin,21.69,26.00,8.00,8.00,0.00,0.00,0.00,0.00,0.00,1.00,12.00,12.00,0.00,76.00,43.00,573.00,13.33,4.00,0.00,0.00,4.00,0.00,0.00,83.00,125.50,128.50,104.00,16.00,19.00,47.00
Christian Kirk,14.24,25.00,9.00,6.00,1.00,1.00,33.00,0.00,0.00,1.00,11.00,11.00,0.00,48.00,40.00,545.00,13.63,4.00,0.00,0.00,4.00,0.00,0.00,81.00,120.90,123.90,100.90,15.00,20.00,48.00
Hunter Henry,18.74,27.00,9.00,6.00,0.00,0.00,0.00,0.00,0.00,0.00,0.00,0.00,0.00,38.00,27.00,316.00,11.70,5.00,0.00,0.00,5.00,0.00,0.00,62.00,88.60,91.60,75.10,11.00,4.00,50.00
C.J. Uzomah,10.99,28.00,9.00,9.00,0.00,0.00,0.00,0.00,0.00,0.00,0.00,0.00,0.00,28.00,25.00,313.00,12.52,5.00,0.00,0.00,5.00,0.00,0.00,61.00,86.30,89.30,73.80,11.00,5.00,51.00
Stefon Diggs,23.73,28.00,8.00,8.00,0.00,0.00,0.00,0.00,0.00,0.00,0.00,0.00,0.00,73.00,48.00,588.00,12.25,3.00,1.00,0.00,3.00,0.00,0.00,77.00,124.80,127.80,100.80,10.00,21.00,52.00
Joe Burrow,15.13,25.00,9.00,9.00,195.00,286.00,2497.00,20.00,11.00,21.00,44.00,2.10,0.00,0.00,0.00,0.00,0.00,0.00,2.00,0.00,0.00,0.00,1.00,164.00,164.30,178.30,175.30,10.00,9.00,53.00
Brandin Cooks,17.74,28.00,9.00,9.00,0.00,0.00,0.00,0.00,0.00,1.00,5.00,5.00,0.00,83.00,57.00,641.00,11.25,2.00,0.00,0.00,2.00,0.00,0.00,77.00,133.60,136.60,105.10,10.00,22.00,54.00
Carson Wentz,17.34,29.00,9.00,9.00,190.00,300.00,2198.00,17.00,3.00,29.00,121.00,4.17,1.00,0.00,0.00,0.00,0.00,0.00,5.00,3.00,1.00,0.00,1.00,164.00,164.00,176.00,167.00,10.00,10.00,55.00
Kyle Pitts,20.28,21.00,8.00,8.00,0.00,0.00,0.00,0.00,0.00,0.00,0.00,0.00,0.00,57.00,36.00,546.00,15.17,1.00,0.00,0.00,1.00,0.00,0.00,61.00,96.60,99.60,78.60,10.00,7.00,57.00
Dalton Schultz,15.01,25.00,8.00,8.00,0.00,0.00,0.00,0.00,0.00,0.00,0.00,0.00,0.00,49.00,37.00,424.00,11.46,3.00,0.00,0.00,3.00,0.00,0.00,60.00,97.40,100.40,78.90,10.00,8.00,58.00
Tyler Lockett,19.77,29.00,8.00,8.00,0.00,0.00,0.00,0.00,0.00,0.00,0.00,0.00,0.00,58.00,41.00,579.00,14.12,3.00,0.00,0.00,3.00,0.00,0.00,76.00,116.90,119.90,96.40,10.00,23.00,59.00
Darren Waller,23.57,29.00,7.00,7.00,0.00,0.00,0.00,0.00,0.00,0.00,0.00,0.00,0.00,64.00,40.00,470.00,11.75,2.00,0.00,0.00,2.00,0.00,0.00,59.00,99.00,102.00,79.00,8.00,9.00,61.00
Diontae Johnson,21.55,25.00,7.00,6.00,0.00,0.00,0.00,0.00,0.00,3.00,36.00,12.00,0.00,69.00,45.00,530.00,11.78,3.00,0.00,0.00,3.00,0.00,0.00,75.00,119.60,122.60,97.10,8.00,25.00,62.00
T.J. Hockenson,21.15,24.00,8.00,8.00,0.00,0.00,0.00,0.00,0.00,0.00,0.00,0.00,0.00,64.00,48.00,448.00,9.33,2.00,0.00,0.00,2.00,1.00,0.00,59.00,106.80,109.80,82.80,8.00,10.00,63.00
Courtland Sutton,18.17,26.00,9.00,9.00,0.00,0.00,0.00,0.00,0.00,0.00,0.00,0.00,0.00,64.00,41.00,588.00,14.34,2.00,0.00,0.00,2.00,1.00,0.00,73.00,113.80,116.80,93.30,6.00,27.00,66.00
Emmanuel Sanders,14.90,34.00,8.00,7.00,0.00,0.00,0.00,0.00,0.00,1.00,7.00,7.00,0.00,51.00,28.00,478.00,17.07,4.00,0.00,0.00,4.00,0.00,0.00,73.00,100.50,103.50,86.50,6.00,28.00,67.00
Kirk Cousins,16.90,33.00,8.00,8.00,206.00,302.00,2140.00,16.00,2.00,12.00,76.00,6.33,1.00,0.00,0.00,0.00,0.00,0.00,4.00,0.00,1.00,0.00,0.00,159.00,159.20,164.20,161.20,5.00,11.00,69.00
Dallas Goedert,16.95,26.00,8.00,7.00,0.00,0.00,0.00,0.00,0.00,0.00,0.00,0.00,0.00,37.00,27.00,401.00,14.85,2.00,1.00,0.00,2.00,1.00,0.00,54.00,81.10,84.10,67.60,3.00,11.00,71.00
Dalvin Cook,23.97,26.00,6.00,6.00,0.00,0.00,0.00,0.00,0.00,115.00,554.00,4.82,2.00,23.00,15.00,85.00,5.67,0.00,2.00,1.00,2.00,0.00,0.00,74.00,88.90,92.90,81.40,3.00,21.00,72.00
Elijah Mitchell,11.47,23.00,6.00,5.00,0.00,0.00,0.00,0.00,0.00,89.00,469.00,5.27,3.00,9.00,9.00,73.00,8.11,0.00,0.00,0.00,3.00,0.00,0.00,72.00,81.20,84.20,76.70,1.00,22.00,73.00
Myles Gaskin,20.61,24.00,9.00,6.00,0.00,0.00,0.00,0.00,0.00,86.00,313.00,3.64,1.00,46.00,37.00,188.00,5.08,3.00,2.00,1.00,4.00,0.00,0.00,72.00,109.10,116.10,90.60,1.00,23.00,74.00
Darrel Williams,12.60,26.00,9.00,4.00,0.00,0.00,0.00,0.00,0.00,84.00,300.00,3.57,4.00,28.00,22.00,170.00,7.73,0.00,0.00,0.00,4.00,0.00,0.00,71.00,93.00,99.00,82.00,0.00,24.00,76.00
Zach Ertz,13.35,31.00,9.00,6.00,0.00,0.00,0.00,0.00,0.00,1.00,4.00,4.00,0.00,45.00,28.00,324.00,11.57,3.00,0.00,0.00,3.00,0.00,0.00,51.00,78.80,81.80,64.80,0.00,12.00,78.00
Ryan Tannehill,16.75,33.00,9.00,9.00,191.00,289.00,2145.00,11.00,8.00,25.00,168.00,6.72,4.00,0.00,0.00,0.00,0.00,0.00,3.00,3.00,4.00,0.00,1.00,151.00,150.60,167.60,158.60,0.00,13.00,0.00
Dak Prescott,18.27,28.00,7.00,7.00,177.00,255.00,2045.00,18.00,5.00,24.00,86.00,3.58,0.00,0.00,0.00,0.00,0.00,0.00,6.00,3.00,0.00,1.00,0.00,148.00,148.40,159.40,153.40,0.00,14.00,0.00
Teddy Bridgewater,14.35,29.00,9.00,9.00,200.00,285.00,2163.00,14.00,5.00,21.00,69.00,3.29,1.00,0.00,0.00,0.00,0.00,0.00,1.00,1.00,1.00,0.00,1.00,145.00,145.40,154.40,150.40,0.00,15.00,0.00
Daniel Jones,10.67,24.00,9.00,9.00,190.00,293.00,2059.00,8.00,5.00,50.00,258.00,5.16,2.00,1.00,1.00,16.00,16.00,0.00,7.00,3.00,2.00,2.00,1.00,144.00,144.80,158.80,149.30,0.00,16.00,0.00
Derek Carr,14.93,30.00,8.00,8.00,210.00,312.00,2565.00,13.00,7.00,22.00,34.00,1.55,0.00,0.00,0.00,0.00,0.00,0.00,6.00,1.00,0.00,0.00,0.00,142.00,142.00,153.00,149.00,0.00,17.00,0.00
Matt Ryan,15.49,36.00,8.00,8.00,209.00,301.00,2157.00,15.00,6.00,17.00,37.00,2.18,1.00,0.00,0.00,0.00,0.00,0.00,4.00,2.00,1.00,1.00,0.00,142.00,142.00,153.00,148.00,0.00,18.00,0.00
Mac Jones,11.14,23.00,9.00,9.00,204.00,300.00,2135.00,10.00,7.00,19.00,59.00,3.11,0.00,0.00,0.00,0.00,0.00,0.00,4.00,2.00,0.00,0.00,2.00,117.00,117.30,129.30,124.30,0.00,23.00,0.00
Jameis Winston,11.25,27.00,7.00,7.00,95.00,161.00,1170.00,14.00,3.00,32.00,166.00,5.19,1.00,0.00,0.00,0.00,0.00,0.00,2.00,1.00,1.00,0.00,0.00,117.00,117.40,127.40,120.40,0.00,22.00,0.00
Josh Jacobs,17.14,23.00,6.00,6.00,0.00,0.00,0.00,0.00,0.00,73.00,280.00,3.84,5.00,20.00,18.00,129.00,7.17,0.00,0.00,0.00,5.00,0.00,0.00,71.00,88.90,94.90,79.90,0.00,25.00,0.00
Javonte Williams,17.61,21.00,9.00,0.00,0.00,0.00,0.00,0.00,0.00,95.00,466.00,4.91,1.00,26.00,22.00,135.00,6.14,1.00,1.00,1.00,2.00,0.00,0.00,70.00,92.10,99.10,81.10,0.00,26.00,0.00
Darnell Mooney,14.01,24.00,9.00,8.00,0.00,0.00,0.00,0.00,0.00,2.00,25.00,12.50,1.00,59.00,36.00,450.00,12.50,2.00,0.00,0.00,3.00,0.00,0.00,66.00,101.50,104.50,83.50,0.00,33.00,0.00
Jaylen Waddle,16.89,23.00,9.00,9.00,0.00,0.00,0.00,0.00,0.00,1.00,2.00,2.00,0.00,78.00,56.00,496.00,8.86,3.00,2.00,1.00,3.00,0.00,0.00,66.00,121.80,125.80,93.80,0.00,31.00,0.00
Chuba Hubbard,9.88,22.00,9.00,5.00,0.00,0.00,0.00,0.00,0.00,111.00,394.00,3.55,2.00,28.00,19.00,152.00,8.00,0.00,1.00,1.00,2.00,0.00,0.00,65.00,83.60,90.60,74.10,0.00,29.00,0.00
Kenyan Drake,17.61,27.00,8.00,2.00,0.00,0.00,0.00,0.00,0.00,46.00,190.00,4.13,2.00,31.00,24.00,257.00,10.71,1.00,0.00,0.00,3.00,0.00,0.00,63.00,86.70,92.70,74.70,0.00,30.00,0.00
Hunter Renfrow,15.22,26.00,8.00,3.00,0.00,0.00,0.00,0.00,0.00,0.00,0.00,0.00,0.00,60.00,45.00,448.00,9.96,3.00,2.00,0.00,3.00,0.00,0.00,63.00,107.80,110.80,85.30,0.00,35.00,0.00
David Montgomery,17.04,24.00,5.00,5.00,0.00,0.00,0.00,0.00,0.00,82.00,372.00,4.54,3.00,11.00,8.00,66.00,8.25,0.00,0.00,0.00,3.00,0.00,0.00,62.00,69.80,72.80,65.80,0.00,32.00,0.00
Van Jefferson,11.62,25.00,9.00,9.00,0.00,0.00,0.00,0.00,0.00,0.00,0.00,0.00,0.00,46.00,27.00,433.00,16.04,3.00,0.00,0.00,3.00,0.00,0.00,61.00,88.30,91.30,74.80,0.00,36.00,0.00
Tony Pollard,11.16,24.00,8.00,0.00,0.00,0.00,0.00,0.00,0.00,72.00,403.00,5.60,1.00,18.00,17.00,148.00,8.71,0.00,1.00,0.00,1.00,0.00,0.00,61.00,78.10,84.10,69.60,0.00,33.00,0.00
Marvin Jones,13.16,31.00,8.00,7.00,0.00,0.00,0.00,0.00,0.00,0.00,0.00,0.00,0.00,60.00,36.00,399.00,11.08,3.00,0.00,0.00,3.00,0.00,0.00,58.00,93.90,96.90,75.90,0.00,40.00,0.00
J.D. McKissic,14.59,28.00,8.00,2.00,0.00,0.00,0.00,0.00,0.00,32.00,132.00,4.13,1.00,42.00,33.00,332.00,10.06,1.00,0.00,0.00,2.00,0.00,0.00,58.00,91.40,97.40,74.90,0.00,34.00,0.00
Tyler Boyd,11.59,27.00,9.00,6.00,1.00,1.00,46.00,0.00,0.00,0.00,0.00,0.00,0.00,55.00,38.00,409.00,10.76,2.00,0.00,0.00,2.00,0.00,0.00,55.00,92.70,95.70,73.70,0.00,43.00,0.00
Marquez Callaway,12.83,23.00,8.00,6.00,0.00,0.00,0.00,0.00,0.00,0.00,0.00,0.00,0.00,39.00,22.00,309.00,14.05,4.00,0.00,0.00,4.00,0.00,0.00,55.00,76.90,79.90,65.90,0.00,42.00,0.00
Kenneth Gainwell,10.94,22.00,9.00,0.00,0.00,0.00,0.00,0.00,0.00,41.00,150.00,3.66,3.00,31.00,19.00,164.00,8.63,1.00,1.00,1.00,4.00,1.00,0.00,55.00,74.40,81.40,64.90,0.00,35.00,0.00
Tee Higgins,12.17,22.00,7.00,7.00,0.00,0.00,0.00,0.00,0.00,0.00,0.00,0.00,0.00,57.00,35.00,431.00,12.31,2.00,1.00,1.00,2.00,1.00,0.00,55.00,90.10,94.10,72.60,0.00,41.00,0.00
Christian McCaffrey,22.54,25.00,4.00,4.00,0.00,0.00,0.00,0.00,0.00,66.00,253.00,3.83,1.00,22.00,20.00,217.00,10.85,0.00,1.00,0.00,1.00,0.00,0.00,53.00,73.00,79.00,63.00,0.00,37.00,0.00
Ty Johnson,12.35,24.00,8.00,1.00,0.00,0.00,0.00,0.00,0.00,39.00,137.00,3.51,1.00,29.00,19.00,227.00,11.95,2.00,2.00,1.00,3.00,0.00,0.00,52.00,71.40,78.40,61.90,0.00,39.00,0.00
Noah Fant,18.77,24.00,8.00,8.00,0.00,0.00,0.00,0.00,0.00,0.00,0.00,0.00,0.00,53.00,37.00,320.00,8.65,3.00,0.00,0.00,3.00,0.00,0.00,50.00,87.00,90.00,68.50,0.00,13.00,0.00
Zach Pascal,9.94,27.00,9.00,9.00,0.00,0.00,0.00,0.00,0.00,0.00,0.00,0.00,0.00,50.00,30.00,319.00,10.63,3.00,0.00,0.00,3.00,0.00,0.00,50.00,79.90,82.90,64.90,0.00,46.00,0.00
Devin Singletary,9.47,24.00,8.00,7.00,0.00,0.00,0.00,0.00,0.00,73.00,355.00,4.86,1.00,27.00,21.00,82.00,3.90,0.00,4.00,0.00,1.00,0.00,0.00,50.00,70.70,73.70,60.20,0.00,41.00,0.00
Randall Cobb,9.80,31.00,9.00,1.00,0.00,0.00,0.00,0.00,0.00,1.00,1.00,1.00,0.00,28.00,20.00,244.00,12.20,4.00,0.00,0.00,4.00,0.00,0.00,49.00,68.50,71.50,58.50,0.00,49.00,0.00
Mike Davis,15.59,28.00,8.00,5.00,0.00,0.00,0.00,0.00,0.00,84.00,271.00,3.23,1.00,32.00,24.00,115.00,4.79,1.00,2.00,1.00,2.00,0.00,0.00,49.00,72.60,79.60,60.60,0.00,44.00,0.00
Pat Freiermuth,14.98,23.00,8.00,4.00,0.00,0.00,0.00,0.00,0.00,0.00,0.00,0.00,0.00,33.00,27.00,245.00,9.07,4.00,0.00,0.00,4.00,0.00,0.00,49.00,75.50,78.50,62.00,0.00,14.00,0.00
Jakobi Meyers,12.01,25.00,9.00,8.00,2.00,2.00,45.00,0.00,0.00,0.00,0.00,0.00,0.00,72.00,46.00,434.00,9.43,0.00,0.00,0.00,0.00,2.00,0.00,49.00,95.20,98.20,72.20,0.00,48.00,0.00
Nyheim Hines,11.98,25.00,9.00,1.00,0.00,0.00,0.00,0.00,0.00,41.00,191.00,4.66,2.00,35.00,24.00,187.00,7.79,0.00,1.00,1.00,2.00,0.00,0.00,48.00,71.80,78.80,59.80,0.00,45.00,0.00
David Njoku,12.19,25.00,9.00,6.00,0.00,0.00,0.00,0.00,0.00,0.00,0.00,0.00,0.00,27.00,21.00,341.00,16.24,2.00,0.00,0.00,2.00,0.00,0.00,46.00,67.10,70.10,56.60,0.00,15.00,0.00
Mo Alie-Cox,10.80,28.00,9.00,3.00,0.00,0.00,0.00,0.00,0.00,0.00,0.00,0.00,0.00,26.00,14.00,205.00,14.64,4.00,0.00,0.00,4.00,0.00,0.00,45.00,58.50,61.50,51.50,0.00,17.00,0.00
Jared Cook,15.80,34.00,8.00,6.00,0.00,0.00,0.00,0.00,0.00,0.00,0.00,0.00,0.00,42.00,27.00,308.00,11.41,2.00,0.00,0.00,2.00,1.00,0.00,45.00,71.80,74.80,58.30,0.00,16.00,0.00
Tyler Higbee,17.16,28.00,9.00,9.00,0.00,0.00,0.00,0.00,0.00,0.00,0.00,0.00,0.00,46.00,35.00,324.00,9.26,2.00,1.00,0.00,2.00,0.00,0.00,44.00,79.40,82.40,61.90,0.00,18.00,0.00
Mecole Hardman,13.66,23.00,9.00,7.00,0.00,0.00,0.00,0.00,0.00,4.00,33.00,8.25,0.00,53.00,38.00,372.00,9.79,1.00,3.00,2.00,1.00,0.00,0.00,43.00,80.50,85.50,61.50,0.00,57.00,0.00
Elijah Moore,13.02,21.00,7.00,3.00,0.00,0.00,0.00,0.00,0.00,2.00,23.00,11.50,1.00,40.00,22.00,230.00,10.45,2.00,0.00,0.00,3.00,0.00,0.00,43.00,65.30,68.30,54.30,0.00,56.00,0.00
Sony Michel,10.05,26.00,9.00,1.00,0.00,0.00,0.00,0.00,0.00,72.00,271.00,3.76,1.00,10.00,8.00,40.00,5.00,1.00,1.00,1.00,2.00,0.00,0.00,41.00,49.10,53.10,45.10,0.00,53.00,0.00
Tyler Conklin,13.85,26.00,8.00,6.00,0.00,0.00,0.00,0.00,0.00,0.00,0.00,0.00,0.00,44.00,32.00,342.00,10.69,1.00,0.00,0.00,1.00,0.00,0.00,40.00,72.20,75.20,56.20,0.00,20.00,0.00
Allen Robinson,12.15,28.00,9.00,9.00,0.00,0.00,0.00,0.00,0.00,0.00,0.00,0.00,0.00,50.00,30.00,339.00,11.30,1.00,0.00,0.00,1.00,0.00,0.00,40.00,69.90,72.90,54.90,0.00,60.00,0.00
George Kittle,19.29,28.00,5.00,5.00,0.00,0.00,0.00,0.00,0.00,1.00,9.00,9.00,0.00,36.00,25.00,328.00,13.12,1.00,2.00,1.00,1.00,0.00,0.00,38.00,62.70,66.70,50.20,0.00,21.00,0.00
Brandon Aiyuk,12.30,23.00,8.00,7.00,0.00,0.00,0.00,0.00,0.00,3.00,9.00,3.00,0.00,31.00,19.00,230.00,12.11,2.00,1.00,1.00,2.00,1.00,0.00,36.00,54.90,58.90,45.40,0.00,68.00,0.00
Giovani Bernard,9.25,30.00,7.00,0.00,0.00,0.00,0.00,0.00,0.00,6.00,51.00,8.50,0.00,23.00,20.00,109.00,5.45,3.00,1.00,0.00,3.00,0.00,0.00,34.00,54.00,57.00,44.00,0.00,58.00,0.00
Julio Jones,9.81,32.00,6.00,6.00,0.00,0.00,0.00,0.00,0.00,0.00,0.00,0.00,0.00,31.00,21.00,336.00,16.00,0.00,0.00,0.00,0.00,0.00,0.00,34.00,54.60,57.60,44.10,0.00,72.00,0.00
Jamison Crowder,9.36,28.00,5.00,0.00,0.00,0.00,0.00,0.00,0.00,0.00,0.00,0.00,0.00,37.00,28.00,241.00,8.61,1.00,1.00,1.00,1.00,1.00,1.00,32.00,60.10,64.10,46.10,0.00,75.00,0.00
Evan Engram,11.59,27.00,7.00,6.00,0.00,0.00,0.00,0.00,0.00,1.00,-3.00,-3.00,0.00,36.00,26.00,224.00,8.62,2.00,1.00,1.00,2.00,0.00,0.00,32.00,58.10,62.10,45.10,0.00,23.00,0.00
Ricky Seals-Jones,9.87,26.00,8.00,4.00,0.00,0.00,0.00,0.00,0.00,0.00,0.00,0.00,0.00,31.00,20.00,200.00,10.00,2.00,0.00,0.00,2.00,0.00,0.00,32.00,52.00,55.00,42.00,0.00,24.00,0.00
Robert Tonyan,11.62,27.00,8.00,5.00,0.00,0.00,0.00,0.00,0.00,0.00,0.00,0.00,0.00,29.00,18.00,204.00,11.33,2.00,0.00,0.00,2.00,0.00,0.00,32.00,50.40,53.40,41.40,0.00,22.00,0.00
Jordan Howard,9.50,27.00,2.00,0.00,0.00,0.00,0.00,0.00,0.00,29.00,128.00,4.41,3.00,0.00,0.00,0.00,0.00,0.00,0.00,0.00,3.00,0.00,0.00,31.00,30.80,33.80,30.80,0.00,63.00,0.00
